-0.23975108703518672,0.4718810364022153,1.08,-0.15755183150414243,0.41704234212397706,1.0550000000000002,0.09435074374578584,0.08483822478811698,-0.10907402688050793,0.0,0.0,-0.027003159300442805,-0.13375073244825755,-0.004661391397495562,1.388682303823644,1.76987300827749,0.018553744990271147,-0.0030213559349148234,0.0,0.0,0.0,0.0,0.0,0.0,0.0,0.0,0.0,0.0,0.0,4.0,4.0,2.5,2.5,6.28,6.28,0.0,0.0,-0.25190257524992826,0.3322041173358601,1.164074026880508,0.057600235869754504,0.681748852843581,0.7238547483585441,0.0890787166106408
-0.23975108703538667,0.47188103640734264,1.08,-0.1575518314226856,0.4170423421338996,1.0549960863381662,0.0936343433872511,0.08500772009622154,-0.1085203458687356,1.9814294849816514e-11,-4.326918705527704e-05,-0.026985197898668586,-0.13446097334159496,-0.0014506927595406298,1.3888586991645488,1.7682554756841147,0.019730135206592433,-0.003024032824525082,6.554724085651113e-05,-0.02695588519119906,0.04316419146860318,0.003129738645418869,-0.06117252526747666,0.03936776465115478,-6.370428280963591e-05,0.09540066719055176,0.09540066719055176,0.0999459981918335,0.0999459981918335,3.9727983474731445,3.9727983474731445,2.4008274018764495,2.4008274018764495,6.21421312570572,6.21421312570572,-0.09050592184066772,-0.09050592184066772,-0.2511861748099367,0.3320346220376781,1.1635164322069018,0.05593978637121012,0.6824699447102374,0.7231576391237442,0.09026928516899688
-0.23975108703530434,0.4718810364052319,1.08,-0.15755183109170756,0.4170423421440291,1.0549911500793354,0.09338317378404937,0.08555786518700309,-0.1064481063034508,1.1574456494068e-11,-9.523449288847735e-05,-0.026979677853744645,-0.1364057107452619,-0.00047446317931901634,1.3888935303542866,1.7636542841217295,0.021488518933498336,-0.003027243732676361,0.00020233665896659392,-0.049770331025450795,0.005216004581648902,-1.295332549175158e-05,-0.11989372764139758,0.03151109078539341,-6.449710982045568e-05,0.1933495283126831,0.1933495283126831,0.1990982532501221,0.1990982532501221,4.042042791843414,4.042042791843414,2.3017526030540467,2.3017526030540467,6.137654404640198,6.137654404640198,-0.09050592184066772,-0.09050592184066772,-0.25093500487575693,0.331484476957026,1.1614392563827862,0.054997965257809325,0.6847985265679504,0.720923662297526,0.09107840011434064
-0.23975108703525555,0.4718810364039802,1.08,-0.15755183050563548,0.41704234216523633,1.0549862231582077,0.09334763141397123,0.08644131154978901,-0.10302503648479289,6.790107196207563e-12,-0.00014709066160257657,-0.026933527438316198,-0.13933923851794977,-0.0004174371414152846,1.3888085027454602,1.756150851926093,0.023342577959451688,-0.0030304833710794537,0.0015986674800986462,-0.0667090465339006,-8.137778761354764e-05,-0.0031042387828297577,-0.17723783824792322,0.040137850125097456,-6.499602170355387e-05,0.29204362630844116,0.29204362630844116,0.2982218265533447,0.2982218265533447,4.140602803230285,4.140602803230285,2.209812009334564,2.209812009334564,6.058735256195069,6.058735256195069,-0.09050592184066772,-0.09050592184066772,-0.2508994619196067,0.3306010306154473,1.1580112596430006,0.05452346220475806,0.688555585974992,0.7173097180956532,0.0915705488537459
-0.23975108703523046,0.47188103640333773,1.08,-0.15755182966702222,0.41704234219709296,1.0549813109519248,0.09328067001666793,0.08762447753631025,-0.09842215379436814,4.335128047300593e-12,-0.00019879189912422841,-0.026793490212950664,-0.14299929298785868,-0.0004208530163160349,1.38848786070886,1.745829163795848,0.022246267804787775,-0.0030337440370145816,0.003893970355863162,-0.07903326809463514,-3.386843099867932e-05,-0.009391313113713275,-0.23264403136129733,-0.06370116778193818,-6.53997905001091e-05,0.39145866632461546,0.39145866632461546,0.3970562696456909,0.3970562696456909,4.238923645019531,4.238923645019531,2.1269295334815976,2.1269295334815976,5.985152499675752,5.985152499675752,-0.09050592184066772,-0.09050592184066772,-0.25083249968369015,0.3294178646607827,1.153403464746293,0.055125394901498107,0.6934897570135661,0.7125631433209264,0.09103249164347853
-0.23975108703521764,0.471881036403008,1.08,-0.157551828578197,0.41704234223911824,1.054976413444875,0.09310297871630546,0.08909312705171979,-0.09277548624476828,3.075000583861197e-12,-0.00025033842663947956,-0.026517404505424832,-0.1471277780424833,-0.0004218116904663234,1.387708957646442,1.7328029070535607,0.01634650747032116,-0.0030370280511096983,0.0070021621895268536,-0.08573709034827903,-9.974836588733843e-06,-0.021158696980015414,-0.28546561896750566,-0.1529897658051798,-6.588615989021967e-05,0.48759024143218993,0.48759024143218993,0.4956601858139038,0.4956601858139038,4.337574291229248,4.337574291229248,2.044531440734863,2.044531440734863,5.923966341018677,5.923966341018677,-0.09050592184066772,-0.09050592184066772,-0.25065480729450246,0.32794921518739845,1.1477518996896432,0.05758427625711286,0.6993735000116337,0.7068734103282418,0.08882983947043417
-0.23975108703521097,0.4718810364028378,1.08,-0.15755182724144534,0.4170423422910214,1.0549715305932474,0.09275457933149112,0.09079216060968309,-0.08629313671281658,2.42439572188754e-12,-0.0003017307056881747,-0.026068932003583286,-0.15129725066069288,-0.0004221421359650568,1.386270793658713,1.7172574648442305,0.009088680188578127,-0.003040351920946849,0.01074423767620535,-0.08011569808735493,-3.834158742075275e-06,-0.03563481930438438,-0.33369383894855614,-0.13666309882270458,-6.680142702113979e-05,0.5873953461647033,0.5873953461647033,0.5933161497116088,0.5933161497116088,4.4273419857025145,4.4273419857025145,1.9573063015937802,1.9573063015937802,5.942760055065156,5.942760055065156,-0.09050592184066772,-0.09050592184066772,-0.25030640657293646,0.3262501816813383,1.141264667306064,0.060859817847528835,0.7060426632776148,0.7002609087272355,0.08622354615721169
-0.23975108703520753,0.471881036402749,1.08,-0.1575518256590238,0.41704234235261156,1.054966662353214,0.09217803869381982,0.09258026072360404,-0.079288448451736,2.0847164479792167e-12,-0.00035296919769645574,-0.025414161102863278,-0.15480592933926188,-0.0004223394578362012,1.3839793778026173,1.699408862417435,0.005794064263007895,-0.003043721034698424,0.015232064138242891,-0.06102944223990781,-2.5377330478548184e-06,-0.055011120523127253,-0.3777278707495148,-0.015146709458280956,-6.761081408873119e-05,0.6865095019340515,0.6865095019340515,0.6924355030059814,0.6924355030059814,4.5229569435119625,4.5229569435119625,1.8638931989669796,1.8638931989669796,5.952881340980531,5.952881340980531,-0.09050592184066772,-0.09050592184066772,-0.2497298643528436,0.3244620816290075,1.13425511080495,0.06314609245052667,0.713304085219758,0.6927922760817214,0.08513938699885996
-0.23975108703520565,0.4718810364027017,1.08,-0.15755182383316627,0.41704234242374927,1.0549618086810764,0.09126991428384498,0.09433488132440832,-0.07201618736498872,1.9036702729494846e-12,-0.00040405436271761174,-0.024497448448940567,-0.15706610251067338,-0.00042251406606801464,1.380484310242333,1.679402432691281,0.005416521964399367,-0.0030471240947060876,0.021154146950766627,-0.03072729402517813,-2.7430043788052304e-06,-0.08335833258530283,-0.4201135147337194,-0.0021439599740480006,-6.824069928957191e-05,0.7844903111457824,0.7844903111457824,0.7687525629997254,0.7687525629997254,4.6204163312911986,4.6204163312911986,1.8045718669891353,1.8045718669891353,5.875181822776796,5.875181822776796,-0.09050592184066772,-0.09050592184066772,-0.24882173811701125,0.32270746109934095,1.126977996046065,0.06473153367091121,0.720861964961862,0.6847409866745745,0.08542620902196983
-0.23975108703520465,0.4718810364026756,1.08,-0.1575518217660879,0.4170423425043214,1.0549569695332668,0.08999014433004579,0.09587863297448906,-0.06475763314244909,1.803584069829804e-12,-0.00045498665942956347,-0.023254254036461714,-0.1574127605929423,-0.00042260019615767395,1.3756221960317392,1.6574244102704574,0.0014921640048850232,-0.003050572272347133,0.028248750487651755,0.013854301394161618,-1.6375407286112583e-06,-0.10970660643769882,-0.45683780614003683,-0.14281083636604824,-6.908946331326646e-05,0.8797714710235595,0.8797714710235595,0.8662151098251343,0.8662151098251343,4.712353181838989,4.712353181838989,1.8111597180366512,1.8111597180366512,5.939263420104981,5.939263420104981,-0.09050592184066772,-0.09050592184066772,-0.2475419660961337,0.3211637095298323,1.1197146026757159,0.06795731654208671,0.7282081373022594,0.6766720829834617,0.08490938703109165
-0.23975108703520404,0.4718810364026603,1.08,-0.1575518194599864,0.41704234259422845,1.0549521448663477,0.0884918292598185,0.09698572340539491,-0.05777307251409325,1.7448423694491147e-12,-0.0005057665451389356,-0.021612556714057967,-0.15526458151194159,-0.00042258976152580906,1.369747378581282,1.6336843815426534,-0.009501377854220292,-0.0030540549862316533,0.03698842373199538,0.06934950329338727,-5.072566879164108e-07,-0.1245383751085155,-0.49066905890031165,-0.29085951595331727,-6.979833792944629e-05,0.9670624494552611,0.9670624494552611,0.9412053227424622,0.9412053227424622,4.808028936386108,4.808028936386108,1.8527367591857906,1.8527367591857906,5.910364966392518,5.910364966392518,-0.09050592184066772,-0.09050592184066772,-0.24604364871980489,0.32005661918883355,1.112725217380441,0.07415740249509631,0.7349264242681923,0.6690539657987529,0.08216216535918792
-0.2397510870352037,0.4718810364026506,1.08,-0.15755181691704345,0.4170423426933786,1.0549473346370106,0.08682670969195289,0.09742789520910261,-0.05129983109059255,1.7072400160055855e-12,-0.0005563944757851513,-0.019506712998260324,-0.14999005150949035,-0.00042276904938015066,1.362872240463655,1.608284814587206,-0.02787394330867118,-0.0030575729617862615,0.04678100117424037,0.13836852066748356,-3.6474387779199807e-06,-0.1492366962012797,-0.5232550774016752,-0.4380073480476236,-7.050465830426147e-05,1.0623088598251342,1.0623088598251342,1.0344371438026427,1.0344371438026427,4.888636600971222,4.888636600971222,1.7647619426250454,1.7647619426250454,5.833265821933748,5.833265821933748,-0.09050592184066772,-0.09050592184066772,-0.24437852660899634,0.319614447484276,1.1062471657276032,0.08351080255531197,0.7406990255552461,0.6621569529799416,0.07706535550035404
-0.23975108703520343,0.4718810364026437,1.08,-0.15755181413942473,0.41704234280168373,1.0549425388020774,0.08496134070066177,0.09696438909269917,-0.04559556555912958,1.6804715774318008e-12,-0.000606870905944515,-0.016865850296007075,-0.14091619931854776,-0.00042290415822038025,1.354830162986395,1.581339018916562,-0.05357580428366871,-0.00306112726952945,0.05830087141032792,0.21991118561540152,-7.178299533015808e-07,-0.16945807931242327,-0.5526730305923111,-0.5827876090776507,-7.112259900269757e-05,1.154710829257965,1.154710829257965,1.124561846256256,1.124561846256256,4.983467268943786,4.983467268943786,1.7908903062343593,1.7908903062343593,5.821812789440156,5.821812789440156,-0.09050592184066772,-0.09050592184066772,-0.2425131548400865,0.32007795370898456,1.100538104361207,0.09612230281659692,0.7451627858557065,0.6562289527209966,0.06968850039785135
-0.2397510870352032,0.4718810364026383,1.08,-0.15755181112928057,0.4170423429190582,1.0549377573184977,0.08290712639054654,0.0953552809923145,-0.040918812364263646,1.659280718269212e-12,-0.0006571962888342825,-0.013627055182544168,-0.12746628943740268,-0.00042319456185611675,1.345499611551737,1.553049249065909,-0.08504468338680662,-0.0030647170173414735,0.07065387124698665,0.31274526401325003,-5.800700967377462e-06,-0.20215276245753677,-0.577256632464412,-0.6482408889930941,-7.183211795874255e-05,1.2423537969589233,1.2423537969589233,1.2145769715309143,1.2145769715309143,5.051952242851257,5.051952242851257,1.6964584112167354,1.6964584112167354,5.872498278617861,5.872498278617861,-0.09050592184066772,-0.09050592184066772,-0.2404589375198271,0.3216870619267437,1.0958565696827614,0.11152272660130409,0.7480037375907663,0.6514578389953873,0.06046299705699992
-0.23975108703520304,0.47188103640263357,1.08,-0.1575518078887463,0.41704234304541765,1.0549329901433504,0.0804238862124409,0.09243908546858293,-0.037537872161681696,1.6409862643379054e-12,-0.0007073710763167196,-0.00973210050739821,-0.10914340122896929,-0.00042362996955695975,1.3340658285459028,1.523675384443004,-0.11734053435566502,-0.0030683391848328,0.08449213306625764,0.4139700549147343,-5.188202098447755e-06,-0.25107094791385165,-0.5962952503328387,-0.6305923709325352,-7.225805974916273e-05,1.3126499891281127,1.3126499891281127,1.307472836971283,1.307472836971283,5.1325784683227536,5.1325784683227536,1.6052009403705592,1.6052009403705592,5.955088560581209,5.955088560581209,-0.09050592184066772,-0.09050592184066772,-0.23797569410118719,0.3246032575768347,1.092470862305032,0.1281258487520836,0.7491054488173292,0.6479251243145783,0.051164701852785544
-0.23975108703520287,0.4718810364026293,1.08,-0.1575518044199419,0.41704234318067923,1.0549282372338424,0.07737714028063358,0.0880995771860909,-0.035660957892857725,1.624220436827737e-12,-0.0007573957189031484,-0.005115357326073332,-0.08562637215059413,-0.0004240268325675769,1.3199658952896232,1.4934360150215806,-0.1488618391025823,-0.0030719755956488434,0.09949346364989381,0.5198451445301022,-6.812792309942571e-06,-0.30999370227296547,-0.6120138501580299,-0.6169205361684095,-7.251712511968078e-05,1.3457291841506958,1.3457291841506958,1.3980351567268372,1.3980351567268372,5.216642546653747,5.216642546653747,1.5154136359691615,1.5154136359691615,5.96530765771866,5.96530765771866,-0.09050592184066772,-0.09050592184066772,-0.2349289447005755,0.3289427659945883,1.0905891951267002,0.1454329280080079,0.748336891642992,0.6457915029242653,0.04236147787720889
-0.2397510870352027,0.47188103640262524,1.08,-0.15755180072497257,0.4170423433247604,1.0549234985473084,0.07367581946702786,0.08226759209202184,-0.035461599756233086,1.6082853216228953e-12,-0.0008072706657579808,0.00036779043180522775,-0.056722080416403226,-0.00042439839532193186,1.3026158918974773,1.462550244529688,-0.18262332029455638,-0.0030756214295260638,0.11893920352527196,0.6281028976980577,-5.637611177905802e-06,-0.37879360558874503,-0.6223639108602728,-0.7042530511495622,-7.243487371639878e-05,1.4178267240524292,1.4178267240524292,1.4825093388557435,1.4825093388557435,5.3035982012748715,5.3035982012748715,1.4207668602466579,1.4207668602466579,6.049364082813264,6.049364082813264,-0.09050592184066772,-0.09050592184066772,-0.23122762019200044,0.3347747512327386,1.0903850983035415,0.1646487399523002,0.7452782363656147,0.6452585727335876,0.03305324712781395
-0.23975108703520254,0.4718810364026213,1.08,-0.15755179680592885,0.4170423434775797,1.0549187740412103,0.06929208614115662,0.07506538457087136,-0.03694206488361296,1.5928246533403847e-12,-0.0008569963647027407,0.006822247028890033,-0.022805796919985428,-0.0004248040039725629,1.281565431730302,1.4312437833213119,-0.22143542407767444,-0.0030792283654380356,0.13817069187204029,0.7208425268728148,-5.850162851860755e-06,-0.4570155149013808,-0.6290480544946034,-0.8292265638022612,-7.14351277935304e-05,1.4590744972229004,1.4590744972229004,1.5089365482330324,1.5089365482330324,5.2775208234786986,5.2775208234786986,1.3259595334529872,1.3259595334529872,6.062461440563204,6.062461440563204,-0.09050592184066772,-0.09050592184066772,-0.22684388294708546,0.3419769589067083,1.0918608389248232,0.18696571239736062,0.7395346858034717,0.6462520869496697,0.022147482802898574
-0.23975108703520237,0.4718810364026174,1.08,-0.15755179266488634,0.4170423436390559,1.0549140636731371,0.06418892013073041,0.06686101265602751,-0.03988837483459218,1.577656417358601e-12,-0.0009065732622200754,0.014240352569691625,0.015169410034805817,-0.0004252648334928667,1.2564091980973893,1.399758877989357,-0.263217938806032,-0.0030827682589810355,0.15749518180379862,0.7916847527527113,-6.839074214317556e-06,-0.5429669307881247,-0.6297468728305837,-0.8223369106428898,-6.99207479737912e-05,1.4916244506835938,1.4916244506835938,1.5042363226413729,1.5042363226413729,5.239529645442962,5.239529645442962,1.2281961798667904,1.2281961798667904,6.134864549636842,6.134864549636842,-0.09050592184066772,-0.09050592184066772,-0.22174071279561675,0.3501813309830284,1.0948024385077293,0.2118437169735598,0.7312082609998167,0.6483475996406614,0.010104883207783827
-0.23975108703520226,0.47188103640261364,1.08,-0.1575517883039061,0.4170423438091088,1.0549093674008043,0.058428237677242006,0.057973009763748085,-0.04406288872618136,1.5626874728623456e-12,-0.0009560018034577513,0.022813878495182197,0.05634844113795769,-0.000425646225916291,1.2267909238871573,1.3682915227119568,-0.3073546386838175,-0.003086227906309733,0.18324897262785042,0.8492874864104238,-6.213817687688721e-06,-0.6349692985748621,-0.6284112881912401,-0.9122725416379962,-6.814710404814526e-05,1.5788893938064577,1.5788893938064577,1.544535666704178,1.544535666704178,5.1894751429557795,5.1894751429557795,1.1313819527626034,1.1313819527626034,6.11138793706894,6.11138793706894,-0.09050592184066772,-0.09050592184066772,-0.2159800259811481,0.35906933404536073,1.0989722561269857,0.2389104601818655,0.7203726481552253,0.6511347965592585,-0.002918306915034779
-0.2397510870352021,0.4718810364026098,1.08,-0.1575517837250347,0.4170423439876584,1.054904685182054,0.05207326383176972,0.04890916441084936,-0.04897720474093337,1.5478700085509088e-12,-0.001005282432232642,0.03257271811294159,0.0992963977563121,-0.0004260651064925014,1.192447686297186,1.336971916927145,-0.35617084118454884,-0.003089540343545494,0.20589141538411512,0.8645050593970063,-6.894701367858982e-06,-0.7311477892667183,-0.6239999915213146,-1.011007234797642,-6.477362680652292e-05,1.569829696416855,1.569829696416855,1.4481420278549197,1.4481420278549197,5.211715984344482,5.211715984344482,1.0358765006065365,1.0358765006065365,6.076945834159853,6.076945834159853,-0.09050592184066772,-0.09050592184066772,-0.20962504755680442,0.368133179576809,1.1038818899229874,0.2690794042513812,0.7068368654313967,0.6539570573392235,-0.01783499456302717
-0.23975108703520193,0.4718810364026061,1.08,-0.15755177893030436,0.4170423441746256,1.0549000169748541,0.04532439239023281,0.04030064193457927,-0.053868055115386726,1.5331793340037997e-12,-0.001054415591034702,0.04344284336884856,0.1420701711227224,-0.0004263439425178869,1.1537239106936494,1.3058958748403613,-0.40561643781326445,-0.003092668207937902,0.22721751342612165,0.844689750569156,-6.387826083267009e-06,-0.8115061594380324,-0.6187465508010253,-0.9526461807111667,-6.103089856519056e-05,1.596195858716965,1.596195858716965,1.3506348013877871,1.3506348013877871,5.140201389789581,5.140201389789581,1.0138981640338893,1.0138981640338893,5.992340670824053,5.992340670824053,-0.09050592184066772,-0.09050592184066772,-0.20287617132053717,0.37674170224004633,1.1087680720902409,0.30085336043119165,0.6914326297545469,0.6559634608257096,-0.0334680756771139
-0.23975108703520182,0.47188103640260237,1.08,-0.1575517739217328,0.41704234436993165,1.0548953627372977,0.03844625601431667,0.032554320736885745,-0.058080901212266056,1.518602552741476e-12,-0.001103401721030929,0.05545541780317762,0.18319172112888937,-0.00041675675162460214,1.1110335934687028,1.2751250956692823,-0.44890682873854887,-0.003095622619958098,0.2511308611284081,0.7997766935661558,8.686987317221059e-05,-0.889803413259232,-0.6118964773607906,-0.7858018471136623,-5.755135498319963e-05,1.6681988179683687,1.6681988179683687,1.274282503128052,1.274282503128052,5.101004195213318,5.101004195213318,0.9279900014400477,0.9279900014400477,5.939468901157381,5.939468901157381,-0.03280767202377319,-0.03280767202377319,-0.19599802993604948,0.3844880236330459,1.1129762639495637,0.33167305160749583,0.6756668354732994,0.6566627438006452,-0.047553708405099454
-0.23975108703520165,0.4718810364025987,1.08,-0.15755176870132373,0.41704234457349837,1.054890722427603,0.03161158363930036,0.0259820248299365,-0.06109636942650454,1.5041327852040507e-12,-0.0011522412620693148,0.06837102457027242,0.22157495294487228,-0.00039332274757235085,1.0648962926465322,1.244724648014805,-0.48388003520060024,-0.003098419886880536,0.2638608469750888,0.7375832708585595,0.00021699846659083784,-0.9492866320596044,-0.6040378956148004,-0.6199200679269576,-5.4562106371341e-05,1.5959649801254274,1.5959649801254274,1.2035159111022953,1.2035159111022953,5.054678064584732,5.054678064584732,0.9113722085952753,0.9113722085952753,5.880441324710848,5.880441324710848,0.051313078403472906,0.051313078403472906,-0.1891633523406241,0.39106031974356187,1.1159870918541075,0.36072821224166984,0.6605287411818169,0.6558017392096905,-0.05916939931449758
-0.23975108703520154,0.47188103640259504,1.08,-0.15755176327106646,0.41704234478524826,1.0548860960041135,0.025237142627640208,0.020588289595250386,-0.06265914209215939,1.4897662223266824e-12,-0.0012009346526827861,0.08195923952618621,0.25673318947233975,-0.00036965374690111556,1.0167410604781335,1.2147341804395162,-0.5105920364519363,-0.003101055178364285,0.2786566566992508,0.6710530620223322,0.00021390498233822327,-0.9730433514969734,-0.5955210762782143,-0.45664094155067636,-5.1379072203289534e-05,1.6640688180923464,1.6640688180923464,1.1559111475944523,1.1559111475944523,5.083975178003311,5.083975178003311,0.9830484747886652,0.9830484747886652,5.829135172367097,5.829135172367097,0.14203883409500123,0.14203883409500123,-0.18278890589870667,0.3964540551899979,1.117545238096273,0.3876995916444754,0.6466616616782923,0.6533256389718394,-0.06843486988527711
-0.23975108703520137,0.4718810364025914,1.08,-0.15755175763293647,0.4170423450051042,1.0548814834252969,0.019821794139207732,0.016185059446938543,-0.06269213487109249,1.4755006227866726e-12,-0.0012494823300931279,0.0960627086792984,0.2884405237444336,-0.0003456182565619816,0.9682789143843835,1.1851477447732117,-0.5292575616921438,-0.0031035528956234837,0.2849689285397545,0.5998963772215498,0.00023082660798978883,-0.9627923278788807,-0.5878256476790574,-0.3028715498208826,-4.880754489874601e-05,1.5920971393585208,1.5920971393585208,1.0807449698448186,1.0807449698448186,5.1143550932407384,5.1143550932407384,1.053185582160949,1.053185582160949,5.739012746810914,5.739012746810914,0.21861052513122559,0.21861052513122559,-0.1773735517721442,0.40085728555816563,1.1175736182963893,0.41211116840023676,0.6347157911995083,0.649294488452002,-0.07561029392633643
-0.2397510870352012,0.4718810364025878,1.08,-0.15755175178889502,0.4170423452329898,1.0548768846497445,0.015646339559044264,0.012641850149999245,-0.061173779999317945,1.4613345465425838e-12,-0.0012978847302149022,0.11050243156419393,0.3164978582138364,-0.00031600884487074227,0.9207581135273399,1.1559226480550597,-0.5427541673670911,-0.003105935013395972,0.29197726851270817,0.5255547132602604,0.0003023908808620297,-0.9386098723433054,-0.5810321079250198,-0.24144654698226886,-4.680354480197089e-05,1.659546518325806,1.659546518325806,1.0098320603370672,1.0098320603370672,5.123634535074235,5.123634535074235,1.086520648002624,1.086520648002624,5.641619943380357,5.641619943380357,0.3136563777923584,0.3136563777923584,-0.1731980913479393,0.40440049508299053,1.1160506646490624,0.4344233771578245,0.6247155829395796,0.6436992737792661,-0.08159665892239285
-0.2397510870352011,0.4718810364025842,1.08,-0.15755174574089,0.4170423454688291,1.0548722996361717,0.012740051762648252,0.009888753023299501,-0.05816652505008846,1.4472669639263421e-12,-0.0013461422876593489,0.1251906892353974,0.3408904707360447,-0.00032167283707487877,0.8745024762459317,1.1271084759013588,-0.5526051265430897,-0.0031082436059316327,0.2953096376517153,0.45326724021596254,-0.00011609734310807722,-0.9122570935817949,-0.5715137077883287,-0.16214834854524154,-4.557025019713409e-05,1.6138476252555851,1.6138476252555851,1.0522986888885504,1.0522986888885504,5.142162936925889,5.142162936925889,1.0870802521705623,1.0870802521705623,5.655656360387804,5.655656360387804,0.2799089431762695,0.2799089431762695,-0.17029179750353826,0.4071535924455296,1.1130388246862601,0.45505924560857913,0.6165283141632959,0.6366122298853233,-0.08682620331185491
-0.23975108703520093,0.4718810364025806,1.08,-0.15755173949085485,0.4170423457125466,1.0548677283434171,0.010977358524119574,0.007896102691479334,-0.053804451682717636,1.433297056255776e-12,-0.0013942554357382819,0.14004878563634077,0.3617184537016393,-0.0003002800906569315,0.8295298905427743,1.098759383130923,-0.5629969076901461,-0.003110485807801096,0.2986803934872131,0.38295458798401893,0.0002633325884534532,-0.8873592782504942,-0.5623738946724989,-0.23497598972998957,-4.412388989991332e-05,1.6612415075302127,1.6612415075302127,1.0779294133186346,1.0779294133186346,5.162084966897965,5.162084966897965,1.0258991003036495,1.0258991003036495,5.5816287028789535,5.5816287028789535,0.37805062532424927,0.37805062532424927,-0.16852909801497443,0.4091462430210673,1.1086721800261348,0.47515489062665245,0.6093041455478935,0.6280567049186895,-0.0923096069670087
-0.23975108703520082,0.4718810364025771,1.08,-0.1575517330407099,0.41704234596406753,1.054863170730442,0.010320776679227484,0.0066179738947148015,-0.04819676468673406,1.4194241141294902e-12,-0.0014422246064679668,0.15510651115972326,0.3790909021353111,-0.000273894752400745,0.7858991638866709,1.0708486717810726,-0.5784151726796435,-0.0031126438089114734,0.3030624897466299,0.3149865178988942,0.00027986524594666377,-0.8586536558438587,-0.5539536085624863,-0.36489852985546567,-4.2341006637000065e-05,1.7305514812469485,1.7305514812469485,1.112379121780396,1.112379121780396,5.25038396716118,5.25038396716118,1.0575298428535458,1.0575298428535458,5.494221704006197,5.494221704006197,0.46077016592025755,0.46077016592025755,-0.1678725097199374,0.4104243720693527,1.103059935417176,0.4960335348927626,0.601877529127338,0.6179203408182677,-0.09934095125574707
-0.23975108703520065,0.47188103640257356,1.08,-0.15755172639236142,0.41704234622331743,1.0548586267563305,0.010671465026722504,0.00605135409480001,-0.04148419279667337,1.4056474855529345e-12,-0.0014900502305729903,0.17028413556062238,0.3931077480054688,-0.00024268335237358663,0.7436791438779405,1.04343483820469,-0.5954848949574442,-0.0031147272268677285,0.3038127264988889,0.24868885791836146,0.0003517536414557063,-0.8310017265988079,-0.5426431380958294,-0.31790891936768595,-4.085680531889464e-05,1.6560257554054263,1.6560257554054263,1.0824589848518376,1.0824589848518376,5.231400728225709,5.231400728225709,0.9992053687572475,0.9992053687572475,5.506857936382295,5.506857936382295,0.5597591996192932,0.5597591996192932,-0.16822319141908393,0.4109909921285174,1.0963428195530038,0.5167252191639603,0.5948075659219377,0.60646338757778,-0.1067762470292917
-0.23975108703520054,0.4718810364025701,1.08,-0.15755171954770264,0.41704234649022265,1.0548540963802886,0.01187924155754061,0.006236680259829042,-0.03381543205002013,1.3919665494697936e-12,-0.001537732737490118,0.18545704758817408,0.40383794078434493,-0.00021710853099890146,0.702927191361988,1.0166410812605902,-0.6081335488458153,-0.0031167314698837133,0.3031093929887315,0.18355622913574626,0.00027776798247267743,-0.7999936177046887,-0.529264291885537,-0.20274906728302738,-3.935435201034111e-05,1.6390901267528537,1.6390901267528537,1.0162545800209049,1.0162545800209049,5.231600427627565,5.231600427627565,1.0187233507633204,1.0187233507633204,5.499947177171709,5.499947177171709,0.6420748949050903,0.6420748949050903,-0.16943096110524325,0.4108056662303936,1.0886695284303087,0.5353437915920722,0.589644104910784,0.5941974014750024,-0.11250023301370982
-0.2397475386173204,0.47178961927290153,1.08,-0.15756504068585692,0.4169215509176593,1.0542546127171388,0.013613803047904521,0.0070603243130947235,-0.02613048007044605,-0.0004854925007170256,-0.00994153344107861,0.200448935861995,0.41149819263985515,-6.472779322820712e-05,0.6636479104019399,0.9912176289561122,-0.6183516510617818,-0.002889816568989184,0.29002907939069716,0.14422549130443663,0.011251947846627756,-0.7777549135134691,-0.43249509702873384,-0.2007794629183416,0.02882258907843347,1.5446338653564455,1.5446338653564455,0.9407394170761112,0.9407394170761112,5.260198116302491,5.260198116302491,0.9786167800426478,0.9786167800426478,5.513468824625017,5.513468824625017,0.6978829383850097,0.6978829383850097,-0.17117884373376144,0.4098612266045646,1.0803850927875849,0.5523335486595707,0.5857415454884333,0.5815449314174903,-0.11679034915854009
-0.23971174672987555,0.47081491693657174,1.08,-0.15746877871251835,0.4156423377772154,1.0477895988911696,0.014696460770844355,0.006873361321478977,-0.026033747698010812,-0.0042600279469906365,-0.07843994297911021,0.21458030856886387,0.41814554921066727,-9.210968043245753e-05,0.6255364225797452,0.972544022237609,-0.6303814922909734,-0.000774334622251875,0.2787509407384613,0.11213025650959996,-0.0019165377001292506,-0.7458157223291303,-0.34953850120275715,-0.263037102155832,0.04381619680579562,1.4687024474143984,1.4687024474143984,1.0151465892791751,1.0151465892791751,5.3229204535484325,5.3229204535484325,0.9678794324398036,0.9678794324398036,5.423478852510454,5.423478852510454,0.7621393322944641,0.7621393322944641,-0.1721652394833627,0.4087689764557364,1.0738233465891804,0.5687777339010593,0.5790762501880635,0.5715309720864074,-0.12047793919416733
-0.2396949703565447,0.4703190427835099,1.08,-0.15699219023147987,0.4150051875078575,1.0423823463016675,0.016207596192096774,0.007725186501659709,-0.025080388872897208,-0.006241415126685555,-0.13547857288271406,0.22832306502106955,0.42276126399752273,-0.00011452364553410564,0.5891732143297966,0.9565424123421302,-0.6424914686916787,0.0015439548449343978,0.27116338809901075,0.07893101259519185,0.0001611182814347502,-0.7083534292654002,-0.2834415715848575,-0.2228289307509656,0.051313565302824625,1.42498596906662,1.42498596906662,0.9322276413440708,0.9322276413440708,5.382446479797364,5.382446479797364,0.8751091301441187,0.8751091301441187,5.32536733031273,5.32536733031273,0.8178440451622009,0.8178440451622009,-0.17319978642357664,0.40728000100619777,1.0674627351745647,0.5842925470945228,0.5722361687536286,0.5620289273348819,-0.12357779500689325
-0.2396707294418406,0.4695455361692616,1.08,-0.15635023142103027,0.4140043831753533,1.0374881887498404,0.017690321559000632,0.008371988659685747,-0.024265703280629936,-0.009333349096170524,-0.18741095456062812,0.2416876466173594,0.4258826305170123,-0.00010540592691068498,0.5547395723085825,0.9440679272176138,-0.6494354334192975,0.004301560892699172,0.26360672567187937,0.05049097279752455,0.0003972121014017737,-0.6691363054446041,-0.21123926504386337,-0.06170346371207961,0.06051853799004911,1.392533189058304,1.392533189058304,0.8784708797931674,0.8784708797931674,5.404730463027955,5.404730463027955,0.8179493963718409,0.8179493963718409,5.252577977180482,5.252577977180482,0.8375311374664306,0.8375311374664306,-0.1740405529800309,0.40563239451566757,1.0617538920304703,0.597241855971701,0.5664342814801752,0.554003988004097,-0.1246352739599515
-0.23963863798781382,0.4683799256428922,1.08,-0.15568635229462174,0.4124807323227026,1.0332858726966072,0.01887613188802184,0.008632721736626936,-0.023458490666057763,-0.013956603582081032,-0.232283653601292,0.254680141782709,0.42757615568662805,-0.00011853844550450602,0.5222006036685026,0.9352214664948797,-0.6485408078778903,0.007545445750409177,0.25625591906468326,0.0209956610009679,-9.335118061730991e-05,-0.6326279019115375,-0.14060325368652257,0.08910420610136911,0.07025235442115146,1.4517619073390962,1.4517619073390962,0.782605201005936,0.782605201005936,5.43136558532715,5.43136558532715,0.7258525371551509,0.7258525371551509,5.155491356849671,5.155491356849671,0.7580823063850403,0.7580823063850403,-0.17456248418264358,0.40384801058607567,1.056744363362665,0.6068499038800036,0.5626320257977685,0.5478004743937339,-0.12285372587565202
-0.23960339797664293,0.46678659595077554,1.08,-0.1550830400253818,0.41038125930925806,1.029688141096958,0.019481256866379998,0.008460823015350116,-0.022810867792789402,-0.020261810588489075,-0.2711806220834756,0.26726330434587525,0.427921589899347,-0.00010594773889306172,0.4914485516777641,0.9301557439207956,-0.6405333264390691,0.011381662169604467,0.24737652922625714,-0.004608419113382289,0.00014250816919918882,-0.5979402601228978,-0.06415271198899516,0.21243599379556655,0.08282060312986667,1.372584044933319,1.372584044933319,0.6945668220520023,0.6945668220520023,5.431449127197267,5.431449127197267,0.6340674579143519,0.6340674579143519,5.062426792383195,5.062426792383195,0.8368426084518432,0.8368426084518432,-0.1745642968917618,0.40192043629390795,1.0524990088897475,0.6133860272652888,0.5606231795427995,0.543551101009273,-0.11836989780613774
-0.2395761082037512,0.4650313911739826,1.08,-0.15449172962914226,0.40805710958163116,1.0264595467387576,0.019685412483778142,0.008147806790333334,-0.02243776068353065,-0.027143214895508527,-0.30648820723809417,0.2795714282540506,0.4269627261164362,-0.0001009448226793707,0.46271331243257613,0.9282609582306444,-0.6335493265613613,0.015514654581223333,0.24568815650887843,-0.0320450088234045,-1.0812073894022268e-05,-0.5518940732753911,-0.015868368020491075,0.08593421759526784,0.08137056731493797,1.3234758734703065,1.3234758734703065,0.6016149044036868,0.6016149044036868,5.4590952754020705,5.4590952754020705,0.5369067311286921,0.5369067311286921,4.9627372848987585,4.9627372848987585,0.9325055837631225,0.9325055837631225,-0.1741771421129204,0.3999093027912978,1.0488973074222883,0.6189834349237334,0.5584016171576456,0.5405366300975549,-0.11343408997528706
-0.23956992754041112,0.4644697008092531,1.08,-0.15412608543482637,0.40731293450965345,1.0249625025258622,0.019823363685406437,0.008035686288506316,-0.022200494464229337,-0.02904386154110569,-0.32187637377644557,0.29249947703215406,0.42670810281906435,5.629606764184592e-05,0.43860565259911716,0.931271297629804,-0.6297000588091384,0.019523766680548588,0.2638842814397867,0.007363360298313752,-0.0071279317262356,-0.4331953607906575,0.1267936846105356,0.07006057068956552,0.08498118468172952,1.3121204018592836,1.3121204018592836,0.5103353023529056,0.5103353023529056,5.435906922817232,5.435906922817232,0.45077365040779066,0.45077365040779066,4.863345061540604,4.863345061540604,1.025103497505188,1.025103497505188,-0.1739494491202328,0.39927724822114713,1.0471629969900915,0.6231249197720073,0.5552448436932494,0.5397250246238687,-0.11006995823544516
-0.23957083246654476,0.4645594910045186,1.08,-0.15394598245404933,0.40743446590428173,1.024483986962849,0.020006504777479783,0.00794846033650537,-0.02217032793105056,-0.028735209855852952,-0.32730859628438846,0.3058206005274968,0.4258708667374156,-9.980885064962011e-05,0.4182759733895177,0.9380143560240076,-0.6252676513993791,0.023504164133100428,0.26795159052358186,-0.04148249660215579,0.0005487382158177815,-0.3853329345971885,0.13793374657466348,0.09971589693225302,0.07444107953340723,1.3175381660461427,1.3175381660461427,0.4172306835651401,0.4172306835651401,5.385470253229142,5.385470253229142,0.3517442405223842,0.3517442405223842,4.764553384780885,4.764553384780885,1.1186551690101625,1.1186551690101625,-0.17395248723152912,0.39948600556777636,1.0466543148938996,0.625139669732767,0.5526281260630994,0.5407205359748115,-0.10688241008466717
-0.23956997899295546,0.46447489157498634,1.08,-0.15376980621757763,0.40732338880951857,1.0239170778816329,0.020165634284477846,0.00787657280283277,-0.022091371392065184,-0.02905983664079914,-0.33352235221988635,0.31928748593563405,0.4229193335068808,-5.7169296916036436e-05,0.40022233922317096,0.9456628337817741,-0.6236620991218078,0.027097366218995427,0.27082658085958966,-0.07239790520236132,0.0004013329072668125,-0.3373623549744854,0.1689104648013063,-0.012936298465119617,0.06975819747852167,1.2567551970481874,1.2567551970481874,0.4377821981906894,0.4377821981906894,5.306829893589021,5.306829893589021,0.25477896928787186,0.25477896928787186,4.665500168800355,4.665500168800355,1.2106534123420716,1.2106534123420716,-0.17393544050205548,0.3994468160066858,1.046008449273698,0.6267607209612868,0.550357720438496,0.5417413729769696,-0.10389255516570181
-0.23956957109310761,0.46443344347471854,1.08,-0.15365123796737207,0.4072692386121486,1.02355137834576,0.020281049181164912,0.007858086415465204,-0.022015230566635235,-0.029225524381315,-0.3375471081753568,0.33293852581215033,0.4183217410511678,-3.0071877609739648e-05,0.38464906748222716,0.9548827052759591,-0.628008758863491,0.030490342074691267,0.2746790749782521,-0.10930401236635261,0.00023559266728725563,-0.28878470343365886,0.19742934588786862,-0.1442908090866277,0.06617338818413848,1.2624268293380738,1.2624268293380738,0.349815928936005,0.349815928936005,5.234650802612306,5.234650802612306,0.1574178814887996,0.1574178814887996,4.5742421317100534,4.5742421317100534,1.3034929871559144,1.3034929871559144,-0.17393228714853698,0.3994111521966834,1.0455666089123952,0.6288132389055603,0.5470903090183847,0.5429976576724973,-0.10217459624313921
-0.2395693562633172,0.4644113338617534,1.08,-0.15358330494744962,0.40724038237051713,1.0233449710166105,0.020380029881616774,0.007867649746194139,-0.021947982448388803,-0.029303679395345443,-0.33976029097454225,0.3468095458446354,0.4120418184426312,-1.8379122556613e-05,0.37149811997440074,0.9654821113338259,-0.6354040309817325,0.033665949740168094,0.27962038608223294,-0.1413253749720902,0.0001397878479515926,-0.2399921313278908,0.22393329851265475,-0.1472166422667365,0.061019678738132924,1.199659276008606,1.199659276008606,0.3220798015594486,0.3220798015594486,5.211672401428224,5.211672401428224,0.06204683184623673,0.06204683184623673,4.477198486328126,4.477198486328126,1.3983002066612245,1.3983002066612245,-0.1739633348290664,0.399372732624323,1.0452929534649993,0.6305682346999513,0.5436900466130445,0.5445839519596225,-0.10106014975910338
-0.23956926582996874,0.4644019672395482,1.08,-0.15355993463786083,0.40722810178699204,1.0232732438744716,0.020511333122770814,0.007864789471486555,-0.021890802212255922,-0.029340888242735032,-0.34051683110309755,0.3608824940041,0.40425978706216026,-1.2015726868815467e-05,0.36052574342654686,0.9770848362413372,-0.6401016656289645,0.03655147841443329,0.28303167381407934,-0.16856582841274767,0.0001459516780759972,-0.20105335701047009,0.23930266292388597,-0.055159896904658424,0.054599907227427344,1.1266785323619843,1.1266785323619843,0.3534322142601017,0.3534322142601017,5.124418491125108,5.124418491125108,-0.03344290256500289,-0.03344290256500289,4.379242144823075,4.379242144823075,1.4922479271888733,1.4922479271888733,-0.17407126776063164,0.3993633123155055,1.0451640460867275,0.6305027442665172,0.541969015371253,0.5467258881511233,-0.0991296074604911
-0.23956917531723004,0.4643925565020821,1.08,-0.15355825584500948,0.40721555228328865,1.0232628068793472,0.02069897962515127,0.00782690555893567,-0.02183762062670147,-0.029377492008596618,-0.34062635271482655,0.3751293226530976,0.3952597143902415,0.00015222071045552693,0.35126781192775924,0.989008603523114,-0.6389664419291989,0.03908790068683826,0.2863570339099543,-0.19103226987706337,0.00665315830586799,-0.16935652229402248,0.2369876856422534,0.08572860115827104,0.047308661086837504,1.058499014377594,1.058499014377594,0.33735076189041174,0.33735076189041174,5.0585218489170085,5.0585218489170085,-0.12829577326774644,-0.12829577326774644,4.2820619213581095,4.2820619213581095,1.5840457558631897,1.5840457558631897,-0.17425723547016075,0.399388646724353,1.0451004275060487,0.6279368485228849,0.542875622646428,0.5493990165979077,-0.09561429372563823
-0.23956911588188162,0.464386357193736,1.08,-0.1535559032318129,0.407207297151682,1.0232524164257104,0.020911132405599886,0.00777391975521835,-0.02177261865996849,-0.029401261918158582,-0.3407472492595829,0.38959449008456404,0.38505780085838054,0.0007138394288149089,0.34344190533239255,1.0007962825952703,-0.6352567514607883,0.041219844209551895,0.2916155231712,-0.21492178738987475,0.0147123695307838,-0.1452463197814468,0.23506304058128813,0.06466648832972326,0.03902922819591883,0.9658164978027345,0.9658164978027345,0.24975243806839026,0.24975243806839026,4.970424020290376,4.970424020290376,-0.22214527130127,-0.22214527130127,4.1886741387844095,4.1886741387844095,1.675437355041504,1.675437355041504,-0.17446703563741278,0.3994333773964637,1.045025035085679,0.6237469948378962,0.5455229257258912,0.5522843429187589,-0.09124926577760606
-0.23956907998279198,0.4643826051597408,1.08,-0.15354879831840956,0.40720235510727587,1.023230114436862,0.021131468486800753,0.007714053560044287,-0.02170550764830992,-0.029415741827342006,-0.3410027836778871,0.4043696439147314,0.37382729002817217,0.001606301646662331,0.3365187297047606,1.0124958049261488,-0.6306004626008527,0.04292606156065394,0.2989199214545455,-0.23335582843538694,0.02048811448968717,-0.13214435209016856,0.23337209447203128,0.11078309269379295,0.03002103461956749,0.9018166422843934,0.9018166422843934,0.20940518379211462,0.20940518379211462,4.875852674245835,4.875852674245835,-0.313325142860413,-0.313325142860413,4.090323411226273,4.090323411226273,1.7323889732360842,1.7323889732360842,-0.17468026680521032,0.3994883015472316,1.044935622085172,0.6186641564144992,0.5490864671200217,0.5552107041524809,-0.0866013116996261
-0.23956906481079238,0.46438101770372797,1.08,-0.15353234208662692,0.4072003926086024,1.0231828163983252,0.021371400706809096,0.007633902572059426,-0.021645050736407878,-0.029421448073507012,-0.3415476657765764,0.41957051277891916,0.3617605635682973,0.0027920062398214636,0.3299942127474646,1.0240740499222472,-0.6239895507375779,0.04414321669657189,0.30839636753971544,-0.24781600913394486,0.026448947616450384,-0.12947361288137818,0.22980649181506344,0.14419313394418307,0.01959314695427788,0.81446390748024,0.81446390748024,0.1670097410678867,0.1670097410678867,4.783926230669023,4.783926230669023,-0.39985315203666727,-0.39985315203666727,3.9906449365615853,3.9906449365615853,1.8286142468452455,1.8286142468452455,-0.174903742793436,0.399566490036543,1.044827867134733,0.6124935121984628,0.5537837846563843,0.5581652510465942,-0.08140497460558234
-0.2395691018938758,0.46438489590757265,1.08,-0.1534946446782451,0.407205932159568,1.0230792870704468,0.021622546337082188,0.007534168165537314,-0.021593292581230106,-0.029405248559851258,-0.3427386207677423,0.43522849386272433,0.34903471057897406,0.004349721606541784,0.3235275231024531,1.035264831868481,-0.6163941279224496,0.044884316701769525,0.3171141512721653,-0.26118090640896896,0.03545953229772376,-0.1277248491133474,0.21828744688313362,0.15399444299592652,0.011037027361836305,0.7969002783298493,0.7969002783298493,0.12735555768013035,0.12735555768013035,4.687585985660554,4.687585985660554,-0.43662741780281106,-0.43662741780281106,3.892506192922593,3.892506192922593,1.9191856980323794,1.9191856980323794,-0.1751171910153273,0.3996717639940307,1.044672579651677,0.6056295873966683,0.5592183339647343,0.561002191716578,-0.07592232027964163
-0.2395688783949539,0.46436142777119627,1.08,-0.15341881710308797,0.40717530872500435,1.0228535004684869,0.021847957951632135,0.0074363862999035635,-0.021539984988819372,-0.029503924900418928,-0.34532837411633555,0.4511951584785176,0.3355753787803567,0.006371993597385421,0.317168005635857,1.0457046979440157,-0.6119705178510734,0.04528419922614314,0.3210561994107873,-0.27538333804614085,0.044967563468816654,-0.12571920612916507,0.20030508099226865,0.04131980847808171,0.005583449143845918,0.7446693539619447,0.7446693539619447,0.12172747850418125,0.12172747850418125,4.60783704519272,4.60783704519272,-0.4091765940189365,-0.4091765940189365,3.793996356725694,3.793996356725694,2.00879043340683,2.00879043340683,-0.1752667750547201,0.3997389224251008,1.0443934854573063,0.5992661516703489,0.5642187788745622,0.563451882942951,-0.07112822671451417
-0.23956855646418485,0.46432721765022095,1.08,-0.15330407583704583,0.4071306816909494,1.022515964512458,0.022088016144802408,0.007290278975790876,-0.02151037910880116,-0.029640034932983957,-0.34916069423791063,0.4673634518204112,0.3217508734260887,0.00884503683727162,0.3108780558799746,1.0551755489020644,-0.6062599632279785,0.04538815294909775,0.32486288853719053,-0.27707915666736493,0.05340091743526127,-0.1253393586573024,0.17878387102494644,0.17207795206586468,0.00017999153559285168,0.6722216248512269,0.6722216248512269,0.1320832252502445,0.1320832252502445,4.564735925197603,4.564735925197603,-0.46061981916427647,-0.46061981916427647,3.6960702109336863,3.6960702109336863,2.0587952017784117,2.0587952017784117,-0.17539209198184824,0.3998404027151585,1.0440263436212591,0.5924140015652457,0.569809324184121,0.5656767559784581,-0.066127094053622
-0.23956809986089178,0.46427783628312763,1.08,-0.15314854173906156,0.4070661156214699,1.0220628951791038,0.022410616938221162,0.007024773500908299,-0.021526992719071325,-0.02982739318701058,-0.35426300111600273,0.4836708176916115,0.30786064161480386,0.01172121976333168,0.30458760605515617,1.0634565660239592,-0.5939706950786211,0.045390662221121,0.3273612530314988,-0.2766213838609918,0.06174258598615411,-0.12540075947555246,0.1544444090120645,0.31258477423067377,3.524314007463362e-05,0.6131786704063417,0.6131786704063417,0.101830351352692,0.101830351352692,4.472415733337404,4.472415733337404,-0.48613069057464636,-0.48613069057464636,3.6062762725353252,3.6062762725353252,2.105205404758453,2.105205404758453,-0.17555915867728272,0.4000413421205616,1.043589887898175,0.5834455384857326,0.5775383988920331,0.5678992073206687,-0.05942383150619701
-0.23956752421959598,0.46421405009359784,1.08,-0.15295239512694703,0.4069825810532481,1.0215005222252123,0.022795342303297855,0.006684602465389489,-0.021538742333209626,-0.030091073880323733,-0.3606656799752487,0.49997186243082087,0.2937772734131803,0.015021469513469802,0.2985111595565741,1.0703675953949734,-0.5762726921338027,0.04539515180462277,0.32431563653874257,-0.28540120108796324,0.07030423376633642,-0.11706694704195093,0.1237845304098423,0.37509409169533725,0.00012856046209780563,0.5609266459941865,0.5609266459941865,0.06387710571289097,0.06387710571289097,4.3788192808628095,4.3788192808628095,-0.434579694271088,-0.434579694271088,3.516094135046006,3.516094135046006,2.135451877117157,2.135451877117157,-0.17574773743024488,0.4002979785878586,1.0430392645584219,0.5725672092386378,0.5870726978376367,0.5699908772668664,-0.051213652387472705
-0.23956684472437756,0.4641363679520472,1.08,-0.15270620124559992,0.4068807745172853,1.0208108274178147,0.023177097892860266,0.006333172892958483,-0.02151252134136339,-0.030387952090025826,-0.3684714266629831,0.5160453677998936,0.27901137158111444,0.018943625376237,0.29343603773519844,1.0757215179884705,-0.5592713291442496,0.04546495727629085,0.3184954254797156,-0.30307162035224844,0.08583099608213049,-0.08749614364099356,0.09190545458782552,0.3086018828603267,0.0028449933368942825,0.5179287552833558,0.5179287552833558,-0.02593927383422817,-0.02593927383422817,4.360117435455323,4.360117435455323,-0.3568188667297367,-0.3568188667297367,3.418573914766313,3.418573914766313,2.146324968338013,2.146324968338013,-0.17588329913846018,0.40054760162432684,1.042323348759178,0.5612929066365208,0.5968812583759653,0.5716935515535337,-0.043006039938100094
-0.23956599286614233,0.464034905775226,1.08,-0.1523904373765362,0.4067475226842922,1.0199478740980636,0.023531476961057285,0.00599021502186764,-0.02142795799288466,-0.03080461421164554,-0.37835941734155887,0.5318293498631682,0.26314869260585594,0.023699935878684072,0.2898339948131463,1.079155874418738,-0.5446253746198619,0.04571877657242727,0.312195307240783,-0.3289394951521494,0.10320752712705382,-0.05806599156349738,0.04734211568982526,0.2759123912949799,0.0072344133893912175,0.5494599461555482,0.5494599461555482,-0.1107469797134396,-0.1107469797134396,4.32897585630417,4.32897585630417,-0.3312222480773929,-0.3312222480773929,3.322095983028413,3.322095983028413,2.1866305232048036,2.1866305232048036,-0.1759219143375935,0.40075730766242457,1.0413758320909483,0.5500258794815847,0.6066232987592592,0.5729203475700396,-0.03524174574519151
-0.23956491217102832,0.4638986195818997,1.08,-0.151980999753915,0.4065680154194454,1.0188616041274547,0.02391824792130104,0.00559504432999175,-0.02129515843450136,-0.031338873567216624,-0.3907841697694775,0.547275587329252,0.24604821287949932,0.029493070501545936,0.2881936708542776,1.0802564278923714,-0.527342573283399,0.04622785019650485,0.30464036342917855,-0.3540752024185957,0.1257215971980148,-0.01156846365077488,-0.0014135185366396033,0.39722877750325236,0.012869339047929362,0.5345470607280732,0.5345470607280732,-0.18604747653007472,-0.18604747653007472,4.287421238422395,4.287421238422395,-0.30326020717620883,-0.30326020717620883,3.224395661354066,3.224395661354066,2.2493407368659972,2.2493407368659972,-0.17589924767521603,0.4009729710894537,1.040156762561956,0.5370943696305519,0.6177660830121389,0.5737461839631375,-0.026646222597902336
-0.23956360593356352,0.4637199776035066,1.08,-0.15145823976975098,0.4063319383568298,1.017525213925548,0.02438837697608856,0.005107976085335697,-0.021107283930195786,-0.03204926318759627,-0.4061783187840718,0.5624385015615554,0.22762086592314662,0.03643912639122604,0.28864507186053484,1.0787423533380414,-0.503815458951666,0.04704186299926874,0.3011288137824428,-0.3804887682827704,0.1499658562742411,0.02637490790672288,-0.057076299939972,0.5381472730224834,0.019570557669764777,0.5735954463481904,0.5735954463481904,-0.2811433076858517,-0.2811433076858517,4.284918570518495,4.284918570518495,-0.3734454154968265,-0.3734454154968265,3.1338260579109205,3.1338260579109205,2.218828171491623,2.218828171491623,-0.17584661674583954,0.4012239622714941,1.0386324978557437,0.5210658751425311,0.6313384824946966,0.5741430693912446,-0.016180548607593045
-0.23956196032700405,0.4634653344320775,1.08,-0.15075188522548472,0.40599388412563775,1.0157975572633888,0.02494813654110639,0.004514902344339433,-0.020822227593178866,-0.0330740014553399,-0.42631849233710384,0.5774695383497963,0.20798946321951317,0.04502920730467816,0.290730122849966,1.0734164129731825,-0.473272221780741,0.04835279048825543,0.2984693465861094,-0.4042729201714481,0.1884698420007389,0.053186329152864406,-0.15155437590322346,0.6780400300088574,0.032194957006040005,0.5745225489139557,0.5745225489139557,-0.3736840963363644,-0.3736840963363644,4.270575535297395,4.270575535297395,-0.43497353792190585,-0.43497353792190585,3.034702258110048,3.034702258110048,2.2577177941799165,2.2577177941799165,-0.1757000217665911,0.4014789817812983,1.0366197848565677,0.5016776772270668,0.6474002504896725,0.5737418299322123,-0.003568812687833711
-0.2395600415018419,0.46309955272736797,1.08,-0.1497583392553487,0.40550563168616194,1.0135080423851606,0.025560328767160467,0.0038304256655855573,-0.020389025730211063,-0.034501401015737454,-0.45317988512617996,0.5923490907983957,0.18716637031111064,0.05600273792235619,0.2944201385906888,1.0626831314830951,-0.4383647758754505,0.050538588030824366,0.29579375369218447,-0.4257825116843817,0.24707879286366558,0.09197979579797415,-0.2714651861835043,0.6973077406605452,0.054941017031947065,0.5645743846893311,0.5645743846893311,-0.47082800269126857,-0.47082800269126857,4.196197104454042,4.196197104454042,-0.4300878405570987,-0.4300878405570987,2.9358414518833174,2.9358414518833174,2.218421417474747,2.218421417474747,-0.17531866802250917,0.4016752060205764,1.0338970681153716,0.47962934444401406,0.6652495899142712,0.572088764617859,0.010635810505614657
-0.23955805510360934,0.4625108591712281,1.08,-0.14834214772321708,0.40471320929772114,1.0104615721523313,0.026125221431087448,0.0030965489603599905,-0.01975591173385416,-0.03686821591187823,-0.4895981993085404,0.6069497350036462,0.1649256610783627,0.07003285230528383,0.2996853396266104,1.0448607554409302,-0.4054833015512004,0.05411399079514683,0.2896262236002089,-0.4579802672793634,0.31140454729097955,0.12087743246968809,-0.4258276749574847,0.6162189060592768,0.08690310583756525,0.5910266518592835,0.5910266518592835,-0.5663529098033901,-0.5663529098033901,4.194130444526674,4.194130444526674,-0.42539006471633944,-0.42539006471633944,2.836582218408586,2.836582218408586,2.19537365436554,2.19537365436554,-0.17446736915430452,0.40161666033736115,1.0302174838861855,0.45706755733115956,0.6833474745398601,0.568774575392089,0.024919058226011037
-0.23955773111415862,0.46155080671184506,1.08,-0.14637948032224563,0.4034067782384621,1.0065760856368635,0.026559319641211693,0.002331211442551606,-0.01890899882202013,-0.04067794693836232,-0.5368898407198459,0.6212582047953388,0.14112364431910976,0.08739351187809463,0.3063915293481478,1.0192290614628272,-0.37903530204149727,0.059471032974366456,0.28460143002066973,-0.4864022226469087,0.381122943156881,0.15132634201123846,-0.58164933543011,0.44843709860599856,0.12596617065700924,0.6079113841056825,0.6079113841056825,-0.6316764950752255,-0.6316764950752255,4.119344770908357,4.119344770908357,-0.40214571952819855,-0.40214571952819855,2.758729444742204,2.758729444742204,2.156863743066788,2.156863743066788,-0.17293879996345732,0.4010755667959105,1.0254850844588836,0.43563997985142666,0.7007234726716989,0.5636806388677428,0.0383217975520076
-0.2395649533473319,0.4599855701464524,1.08,-0.1437270642612578,0.4012474977883872,1.0018101319235837,0.026788180884554785,0.0015213810077700507,-0.017841997529387532,-0.047011968233488,-0.5970087019260111,0.6352029225826983,0.11597907707607596,0.10794652382440344,0.31357285359899423,0.9852343496605068,-0.36090028141090136,0.06689218125384291,0.2724980376686988,-0.5188344717868597,0.4329621115145355,0.13352057010265755,-0.7631008220912451,0.28392521530620335,0.16811282281140005,0.6598359465599061,0.6598359465599061,-0.629991817474365,-0.629991817474365,4.135812461376191,4.135812461376191,-0.4793807446956638,-0.4793807446956638,2.6727365303039563,2.6727365303039563,2.089898711442948,2.089898711442948,-0.1705152451458126,0.39972611678061715,1.0196521294529712,0.41667922297743754,0.7168611423159003,0.5567160082464749,0.0505550584864885
-0.23961161216444066,0.4566882000210593,1.08,-0.13997217069875334,0.39662146573235707,0.9956052241195396,0.02669258916896461,0.0004881738597830032,-0.016438359915676437,-0.0602658179567916,-0.6790981392219697,0.6483577448489166,0.08862606856258849,0.13057594882792276,0.3187404287854736,0.9416662632529972,-0.3509100399627072,0.07649466527902839,0.25535970811790926,-0.5692349519622538,0.46831881398370756,0.07771631032092789,-0.9574003896303058,0.12235616761292037,0.2138697652659466,0.7112460732460023,0.7112460732460023,-0.7234208524227139,-0.7234208524227139,4.135685056447984,4.135685056447984,-0.5440457880496982,-0.5440457880496982,2.574736921787263,2.574736921787263,2.002087408304215,2.002087408304215,-0.16666475986771795,0.39613329187257407,1.012043584035216,0.40163664834065727,0.7319851370199005,0.546782460132259,0.06256758892074525
-0.2397704305220555,0.4515242915035591,1.08,-0.13491420333320725,0.3891873074973154,0.9883375763311606,0.02616451319152563,-0.0007487550274321575,-0.01470740741075316,-0.08078574805089972,-0.7822397233962969,0.660949674715759,0.0589789325310761,0.15501922984026129,0.3209479274410384,0.8891897518926035,-0.34890089844581024,0.08852644090430434,0.2489337097686408,-0.6103772133873504,0.5047224133255553,0.015790736098672292,-1.11987357249422,-0.032697912312967536,0.2647025390396289,0.7716418385505678,0.7716418385505678,-0.8198471486568448,-0.8198471486568448,4.083348006010056,4.083348006010056,-0.6148233950138094,-0.6148233950138094,2.48128312110901,2.48128312110901,1.9864289820194247,1.9864289820194247,-0.16107871652473288,0.38993606252474755,1.0030449837419138,0.3909805104030465,0.7458252845017052,0.5341093727311176,0.0748736498622579
-0.2401196753454502,0.4450205159910591,1.08,-0.12859787944943238,0.37947433028797933,0.9808397043097733,0.0251906643739771,-0.002110423532965311,-0.012795508937161526,-0.10648584069741543,-0.9006122085643073,0.6734211887479189,0.027514319795825425,0.18132925337149663,0.32045754913455865,0.8295992184388139,-0.35432857050859917,0.10325489360809739,0.25039764013614624,-0.6428201064612451,0.5418367281562037,-0.030370375931217896,-1.2426265951158748,-0.17836200128451002,0.32081254740252446,0.8210680842399599,0.8210680842399599,-0.9054336965084073,-0.9054336965084073,4.069814443588258,4.069814443588258,-0.6529283642768863,-0.6529283642768863,2.387177907228471,2.387177907228471,1.9592348694801334,1.9592348694801334,-0.15378854382340948,0.38158475382094464,0.9936352132469348,0.3843576522939251,0.7579026280664093,0.5197730855399215,0.08768546653489238
-0.24070281486272804,0.43780278126306466,1.08,-0.12121513559218379,0.3681776086401833,0.9738891146169033,0.0237881315934899,-0.003477855802988483,-0.010840368265443212,-0.13495236359356727,-1.0284574679677372,0.6860548652205337,-0.005334087990199888,0.20934129064332263,0.3180201471753654,0.7649380972267587,-0.3669858363718461,0.12078297887743392,0.2555163744504751,-0.665821166274238,0.5720676931027205,-0.0637714822168948,-1.324179537730936,-0.3219492272404649,0.37587594469505003,0.8070636272430421,0.8070636272430421,-0.9966938257217405,-0.9966938257217405,3.988914072513581,3.988914072513581,-0.6351883888244632,-0.6351883888244632,2.3002538311481486,2.3002538311481486,2.0290503144264225,2.0290503144264225,-0.1450032671856737,0.37165546444317177,0.9847294828823465,0.3813237283221014,0.7677749580726684,0.5048779269991536,0.10105496922013252
-0.2415053166752813,0.43048639965433394,1.08,-0.11305236020934599,0.35607120623788274,0.9680837483224183,0.022020134714172038,-0.004736098963473434,-0.00897307646747425,-0.16378690108029212,-1.160572749279828,0.6988245679296325,-0.038737934180101304,0.23874789303535449,0.3145788372067277,0.6971364755739298,-0.38675433214893284,0.1410505252737351,0.25625513002880423,-0.666428335244733,0.5976751312525376,-0.07242357250524396,-1.3713396779727325,-0.4628668246083392,0.43005209215430584,0.7510382711887361,0.7510382711887361,-1.0029644846916197,-1.0029644846916197,4.0201078414917,4.0201078414917,-0.5517921447753908,-0.5517921447753908,2.203969477415086,2.203969477415086,2.1083392739295963,2.1083392739295963,-0.13507249492351803,0.3608073052013562,0.9770568247898925,0.38157280262819204,0.7750420383035241,0.49042691625537005,0.11486285286825118
-0.2424514516382027,0.4236358065577548,1.08,-0.10446495555927213,0.34400214955621145,0.9638046869032129,0.020000910711504408,-0.0057895943699319274,-0.007304558327924315,-0.19080317180004974,-1.2920105964830788,0.711576336261523,-0.07154753081864079,0.2692700400810189,0.31118759232090715,0.6277957326382071,-0.413494015513173,0.16395279280705943,0.2541151206021669,-0.6433803254132012,0.6166460330449484,-0.0630402696803453,-1.3886670756380743,-0.6008865278973029,0.48085064678990036,0.7118804275989534,0.7118804275989534,-0.9876294016838072,-0.9876294016838072,4.063307535648346,4.063307535648346,-0.47038114070892356,-0.47038114070892356,2.108442782163621,2.108442782163621,2.1825521349906927,2.1825521349906927,-0.12446586627077653,0.3497917439261434,0.9711092452311372,0.3848174118065968,0.7794187117681328,0.47730165856837165,0.12886100280557372
-0.243413914753268,0.4177640541398135,1.08,-0.09505472636575019,0.3327743357994739,0.9610611283737586,0.018854590925872328,-0.006643550057110981,-0.006001901926020903,-0.21382539640191747,-1.427565779990487,0.7243653791063412,-0.10211254373419039,0.3002848101936777,0.30865957328361154,0.5584886310252153,-0.44683372545302774,0.18935547030429448,0.2729701993565863,-0.5569073897842335,0.6115298460355475,-0.011774409661022361,-1.3548878974904721,-0.711608607517311,0.5412178609055783,0.656205052137375,0.656205052137375,-0.9552767515182493,-0.9552767515182493,3.9736671447753906,3.9736671447753906,-0.4683523774147036,-0.4683523774147036,2.0155441629886637,2.0155441629886637,2.2159588575363163,2.2159588575363163,-0.11390931729162251,0.3394178858565849,0.9670630302997795,0.39084130674261514,0.7807457130143844,0.4662069369704716,0.14258434862914002
-0.2440678488058038,0.4141957327792491,1.08,-0.08335351730867958,0.324515530987434,0.9600005929562887,0.022333681650114456,-0.007758034781638334,-0.005011650455439831,-0.2277947714389948,-1.5722272555262575,0.7386980679088889,-0.1268325300456908,0.33061687990647504,0.31073305380132116,0.49245514599047285,-0.484208151625414,0.21846053957112968,0.2950899010800923,-0.4400102810411469,0.5937687114215785,0.08400147556063105,-1.2904818629028059,-0.7824228353035761,0.6119152268457254,0.5661745786666872,0.5661745786666872,-0.9371796965599059,-0.9371796965599059,3.8979141414165497,3.8979141414165497,-0.3780937790870669,-0.3780937790870669,1.923375164270402,1.923375164270402,2.205295622348786,2.205295622348786,-0.10568719895879404,0.33227356576907235,0.9650122434117285,0.3967858237880141,0.7797028759846295,0.45908924529439654,0.1544716805022399
-0.2441856776687682,0.4135817007608703,1.08,-0.08272840385218432,0.32332163467152475,0.9600021928163497,0.021976325130022303,-0.00862040753881732,-0.003714099073148569,-0.2298086636663337,-1.5763176113467876,0.7579882606461426,-0.1383553058109329,0.35635436143880805,0.3240704703445202,0.43331209473626703,-0.5225231498607548,0.2523615734549313,0.38923427169378855,-0.16427018840989854,0.4757392023113701,0.3115630014779046,-1.1653943580534265,-0.7971950507991152,0.6978516526029851,0.4850333869457247,0.4850333869457247,-0.9337912678718565,-0.9337912678718565,3.803682231903076,3.803682231903076,-0.3270904660224917,-0.3270904660224917,1.8341218996047983,1.8341218996047983,2.2855500578880314,2.2855500578880314,-0.10470472898220662,0.33194204221034207,0.9637162918894983,0.3988284360593945,0.7785216652816436,0.45723389538105474,0.16055235965933642
-0.24426209618314543,0.4131877531278407,1.08,-0.08483487409574067,0.32304145676716234,0.9600085942738887,0.020859181026808435,-0.00916312250475726,-0.002421543473338117,-0.2314670191794594,-1.5566832391261594,0.7761784141819356,-0.1447705381694569,0.37960665235902474,0.3403767621126273,0.37538930067027365,-0.5644611559777041,0.28815398993984975,0.33484750584587647,-0.10045941912821292,0.45178978058223696,0.3328110621838216,-1.1480718960402017,-0.8792385530709095,0.7290165589169174,0.38886285424232503,0.38886285424232503,-1.0170263051986692,-1.0170263051986692,3.727682411670685,3.727682411670685,-0.314392149448395,-0.314392149448395,1.7380574572086345,1.7380574572086345,2.3802440524101263,2.3802440524101263,-0.1056940551225491,0.3322045792719196,0.9624301377472269,0.40246456044115125,0.7760994965619644,0.4563622540640493,0.16560598446540642
-0.24444236458554264,0.4122712875222433,1.08,-0.08609476145778955,0.32169026463493744,0.9600219228536622,0.020142319480031007,-0.009752486492944579,-0.0015766772611357505,-0.2352044057994408,-1.5493149665146593,0.7909442073145848,-0.148102386765913,0.40180455046088437,0.3575626518461558,0.3183924763058447,-0.6104704997388717,0.3254320774799342,0.25937284510019826,-0.03380844248858455,0.43504608195139655,0.35139151497255755,-1.120023317020657,-0.9567536578589125,0.760897018195938,0.28989388942718525,0.28989388942718525,-1.0130745291709897,-1.0130745291709897,3.686764419078827,3.686764419078827,-0.2655774474143984,-0.2655774474143984,1.6388250100612651,1.6388250100612651,2.46883271932602,2.46883271932602,-0.10623708093782055,0.331442751127882,0.9615986001147979,0.4092775023665473,0.7713566608451378,0.4560985455681281,0.17168268566479966
-0.24471183402985736,0.41093321288158313,1.08,-0.08613568608941091,0.31935978442108653,0.9600090376409125,0.019870708005157833,-0.01028184950002925,-0.0013614619261533845,-0.24065688980829672,-1.5576255415977673,0.8015982056609063,-0.14835678516183182,0.4231032177740397,0.3756566594144347,0.26307157822083005,-0.6601544816137032,0.3642424418543059,0.17063830893788406,0.023025630460807616,0.4097013778213697,0.3714615650697422,-1.088652453954547,-1.0272277466456012,0.7838925103842093,0.19834847450256365,0.19834847450256365,-1.110669785737991,-1.110669785737991,3.6090628623962404,3.6090628623962404,-0.22048311233520532,-0.22048311233520532,1.5428496170043957,1.5428496170043957,2.5639834284782417,2.5639834284782417,-0.10600639409456875,0.3296416339211158,0.9613704995670659,0.4191450478223666,0.7639884523706555,0.45668844233691136,0.17909422147618845
-0.2451471821750113,0.40884553244846156,1.08,-0.08572961225013467,0.31560576699864024,0.960000603329376,0.019810257022612937,-0.010948820550568394,-0.0012986273232458156,-0.24903228659554302,-1.5743964435072961,0.8081092483482641,-0.14484780026298288,0.44235545848216906,0.39480419025793473,0.20987763191590353,-0.712801900396637,0.4038512416706659,0.11243200321250893,0.14412144303398602,0.3567087833390777,0.40751174614199354,-1.0082734943741254,-1.0631809577756879,0.810605629347461,0.10627617239952106,0.10627617239952106,-1.1808292448520656,-1.1808292448520656,3.545198082923889,3.545198082923889,-0.2649307966232302,-0.2649307966232302,1.458456133604051,1.458456133604051,2.6248878121376045,2.6248878121376045,-0.10553986927274761,0.32655458754920863,0.9612992306526218,0.43196800975279903,0.7543377237651189,0.45740512501999414,0.1875067696391472
-0.24557041870432428,0.4068950749928346,1.08,-0.08707298414361493,0.31245144558944493,0.9600001162379506,0.019397897291298732,-0.011810379779007396,-0.0013827682989360213,-0.25692670079045626,-1.5722884956099008,0.8119755987312662,-0.1347140722607936,0.45894255708846066,0.41582539773615895,0.16135273906207873,-0.7666892462281961,0.445060734757393,0.0404515317054948,0.2466181235588888,0.3068418355314156,0.42327574061016204,-0.9340988733717661,-1.0942794039186399,0.8320483390616519,0.014585715532303034,0.014585715532303034,-1.274142616987228,-1.274142616987228,3.4946228325366975,3.4946228325366975,-0.2611828207969668,-0.2611828207969668,1.3595611917972577,1.3595611917972577,2.7006533980369576,2.7006533980369576,-0.10647088143491366,0.3242618253684523,0.9613828845368866,0.44629833572457356,0.7425757529036932,0.45967368714760837,0.1951900306704007
-0.24613506347212089,0.4044006262584176,1.08,-0.08865924121863603,0.3083874802973126,0.9600000340517025,0.018955380923911663,-0.012849097069128623,-0.0014834028989589854,-0.26704232639775566,-1.5716358554253054,0.811760027103181,-0.12013252145892157,0.4730940367061547,0.4373162936617807,0.11628310373714144,-0.8220307280776421,0.4872138791865341,-0.0437841808738548,0.3324562268042225,0.2585777570091675,0.4337598771760446,-0.8629619158470175,-1.1173719727088582,0.852240843200716,-0.08148922920227034,-0.08148922920227034,-1.3634856343269346,-1.3634856343269346,3.4070200860500335,3.4070200860500335,-0.20924276113510157,-0.20924276113510157,1.2605848836898816,1.2605848836898816,2.743985307216645,2.743985307216645,-0.10761462214254769,0.32123657736644123,0.9614834369506615,0.46295161330167145,0.7284589525761945,0.46223440572006924,0.20337824938175586
-0.24684224120166895,0.4014287733037301,1.08,-0.09052197915794746,0.3035345821497495,0.9600000394179964,0.018421102553720814,-0.014001065653474254,-0.0015979798929647293,-0.27909388197018264,-1.5717114040792821,0.8075102811818476,-0.10141509006586581,0.4848371531190846,0.4595088177136505,0.07486811831780107,-0.8781347836611959,0.5305006392073057,-0.12211727074903563,0.4118408146764332,0.21062782820404874,0.44929466987681355,-0.7888431715303672,-1.1257379885386127,0.8771755611541959,-0.1700883746147154,-0.1700883746147154,-1.4612653017044066,-1.4612653017044066,3.3397510945796967,3.3397510945796967,-0.13531208038330103,-0.13531208038330103,1.1645796644687665,1.1645796644687665,2.8319914937019353,2.8319914937019353,-0.10894308171166828,0.31753564780322374,0.9615980193109611,0.4813006514581194,0.7121140883023405,0.46500188711411905,0.21217081120555795
-0.2476955003185356,0.3980371160686827,1.08,-0.09271109696584733,0.29800269105738336,0.9600000621703985,0.017772664986065292,-0.015237466407201083,-0.0017252281429268601,-0.2928779269174134,-1.5719482746173767,0.7994447716392479,-0.07897887434017418,0.4941666654412405,0.48263300949836596,0.03711808689440006,-0.9342954408940302,0.575149562582923,-0.19644591097069608,0.4809803113224011,0.1618514027534861,0.4718761374887455,-0.7171471985326632,-1.1201274005889603,0.9066272193754149,-0.26540333032608016,-0.26540333032608016,-1.5225617766380308,-1.5225617766380308,3.2629784047603607,3.2629784047603607,-0.04570987224578882,-0.04570987224578882,1.0679245638847363,1.0679245638847363,2.930825698375702,2.930825698375702,-0.11048376195191262,0.31324015746458445,0.9617252903133253,0.5006280936299895,0.6937789712502781,0.46787730873269023,0.22165981794714937
